{"cameraMode":{"drawMode":0,"name":"Shaded","section":"Shading Mode"},"sceneLighting":true,"audioPlay":false,"sceneViewState":{"showFog":true,"showMaterialUpdate":false,"showSkybox":true,"showFlares":true,"showImageEffects":true,"showParticleSystems":true},"in2DMode":false,"pivot":{"x":387.9918518066406,"y":35.44254684448242,"z":-58.59651565551758},"rotation":{"x":-0.053064264357089999,"y":0.47337475419044497,"z":-0.028583722189068795,"w":-0.8787966966629028},"size":3.6999964714050295,"orthographic":false}